Design_ID,thickness,width,length,height
1,0.3138627672256209,21.71829108290075,464.99715628420495,19.99568452665126
2,0.6372272160742631,20.31101531297297,482.5085268795178,13.85372060478352
3,1.8509489953452773,13.616823507209148,185.8127407629823,15.953091934167805
4,1.59596208993619,43.999336824604086,386.4929246233643,11.342416539841526
5,1.0344725126312526,20.08827146414482,347.25219650578447,14.585150415954065
6,0.1361825735379378,47.7203435537471,146.1701221564408,13.382026022735214
7,0.35770328224868797,49.64138691294279,189.65031591094723,13.067749004473225
8,1.0895188186738243,16.828490319900475,365.29399017768395,19.496908252940056
9,1.1357508467991984,38.08930834069152,419.00098144590595,14.901485532826548
10,1.8956615726051986,30.446269420670788,292.4377744739087,17.84503238437093
11,1.4001095241643775,39.56899903780081,334.40739392882665,14.17523132107499
12,0.16725264840767534,46.15698794174363,186.00047607657785,19.904367644249497
13,1.3406285693013595,47.691164834536096,399.9046440279319,14.818316538261858
14,0.7812614450447959,17.834203157270778,458.6397345310854,18.272430233823023
15,0.7938398465559278,16.545074714309468,187.43806983199897,13.04843982320802
16,1.6428904781066909,20.95372748277214,344.114389887872,17.347483288898623
17,1.7558549250205688,30.075943595381244,484.7255284687761,13.315412387165997
18,1.2992231608454825,20.05757266580005,138.0583628157284,10.94919514309646
19,1.4993927419986233,39.60799430340731,253.11731162794217,12.408920807515464
20,1.3948680616584015,22.37651892300231,298.5140549930816,11.367596708489618
21,0.5198102081060099,48.31852859184765,499.97931680268834,11.485712469800749
22,1.5381838530487693,46.5186421762571,145.49642461855092,19.60695708557502
23,0.9647344735362496,17.874198067696774,169.00398811892939,14.740428085941671
24,0.7040925351411512,12.992010354029446,413.6634374490426,19.937785495666326
25,1.7120604272839235,30.233082534026284,202.41753744820318,18.220250991013245
26,1.371460180611104,22.557622380752285,281.49893720697776,14.387763495242663
27,1.6924438843928,40.32341343619432,109.6814225199934,10.729198411620606
28,0.8232666460153762,35.0563879773116,166.81406801061945,11.91456958167749
29,0.5344794218172475,16.146663063767715,247.18021677004052,14.87690998298995
30,1.6787797223735932,18.535028759765705,444.3953015164318,17.030900394790287
31,1.7230286218758382,10.159301155118547,374.21215581762357,14.801085452726984
32,1.2661805106744022,21.661733892410588,180.240174138525,11.46381392770751
33,0.7445010152333231,42.32368409731229,140.84564968262916,17.145255777953405
34,1.513227364375366,20.20725988525713,206.00873200396643,12.002604989222931
35,1.1203275652615585,44.18809022001288,294.43700833726587,18.212499520083647
36,1.6804575065271516,20.794102970850062,239.6876813197619,19.669780653147654
37,0.6099759595068714,29.035052179455526,399.5209744506389,18.184728770223195
38,0.8580499970115809,40.818954466080115,356.237106919783,18.074549987689117
39,1.576550336987808,15.033028723559976,449.6030303965206,18.052191265465083
40,1.022777138370159,13.979484182020505,449.30399184481405,14.755188572657811
41,0.6138406284752445,27.05547355233469,487.32768021053266,17.24121498476202
42,0.9946990205601568,41.63231587370636,200.58463743154203,14.49900116921295
43,0.64033473191143,32.810506508080366,394.74396001906473,18.810866077116543
44,0.7567807647338831,38.5381209395742,299.87860375331076,12.795914641550429
45,0.600706561946786,18.200698913101782,413.40347944191427,10.336096356400942
46,1.12911001199437,44.3088988708091,369.06740186561143,15.325675795514762
47,1.9762515341747389,44.06108330714028,306.6968400870362,11.430634060374611
48,0.5955489989075695,43.63178451664628,391.66715928525053,19.695612378689592
49,0.20187952547569354,46.044052532558354,267.3169839945101,18.66507532115856
50,1.871713088356035,48.45392057802115,322.95715006021885,16.77211394165999
51,1.6471355114233606,33.522886625245754,280.75585378860626,15.63441060801448
52,1.8300518815502849,16.113816019763284,357.0239949365127,11.074934350931736
53,1.6082964884255995,36.71207727392267,136.8059220095671,17.155509735352815
54,1.831398539154761,11.811636797607777,309.15208476280725,19.37164919604016
55,0.8073782543043123,38.68094116399514,263.4945147602872,17.530994058572162
56,0.381193864580318,33.30518060837432,149.38907815851337,11.747386254965797
57,1.939825941388195,20.13353564682285,321.501222266999,10.282063259344527
58,1.0261932003909657,35.988095296313965,113.22099868040947,17.413410315960796
59,0.10506564903507976,39.17117207877938,479.9236785617418,12.48399430802905
60,1.276355121906166,27.801908609997675,227.53721842504862,12.648820258275975
61,0.3444942511374522,31.19269341156231,181.7855656406266,12.908082600390888
62,0.6322947505941334,42.89107711416341,157.31321724105933,13.682992746173714
63,0.5964347332629831,28.827235411713318,330.6268654869882,17.490703896158234
64,1.789408073266944,24.347427264457075,378.6425276194307,17.943555524842715
65,0.9115519172514868,20.900735422801176,360.06804550242003,15.939937071357106
66,1.7988412873533646,16.86810412937812,463.9991900699155,12.300407626334106
67,0.312659675335328,35.87789243996752,281.9599800373104,10.347040785989792
68,1.1574165760597979,33.570924132881544,190.08618983084688,16.423008230214016
69,0.8307504616166569,48.67613911590633,262.9046219484203,13.920076385230749
70,0.7237926547395598,47.065021443307835,197.98662368286307,17.91218519727653
71,1.8595107717240356,29.42098915641291,429.41590908090694,14.094692471947452
72,0.21577291815155486,10.61488921357863,485.35278584048206,15.74233217734259
73,0.4963152902953939,36.41879186458284,321.7896775758028,16.232443707217065
74,1.366350473106699,18.59542007678958,488.28818612848,14.607067098292863
75,1.4815186695799172,40.997441785060865,301.09994545769723,19.821375270529128
76,0.8447498367301544,26.51540522150292,416.08738572444327,15.397848201118746
77,0.32604616539847164,16.587775554291248,260.7344488097433,19.341056206398633
78,1.0093033669453628,15.72039029477118,132.29787237221123,17.170539558474022
79,0.7729807484700938,19.348392618493712,168.69771826256454,14.723776563165586
80,1.2500673349096627,12.782115414139918,382.9558345883838,17.478980493520968
81,1.7708211614518943,40.07407190280802,116.6622612673252,12.22816822106524
82,0.8620736916334184,16.0592848351179,205.5710724670353,13.369878843500384
83,0.6516160231418366,15.99155238264624,307.34315577532897,19.959206944994982
84,0.7831558869701225,18.989559332259432,296.7593391136022,10.793183722492547
85,1.417387245766582,36.56852877220544,128.70629054285078,14.770513528819443
86,0.6652882451469576,26.552647555673186,404.6480829714671,16.648916730104162
87,0.11087061335912986,39.91865711102664,314.79382139283615,14.835568182338466
88,1.5892683721068972,14.71991375833336,225.31098800525638,13.26634113306951
89,0.4249345791997575,47.489383179568414,381.99084539058015,17.302433499279868
90,1.108505248968776,45.54043735923474,466.0338762288284,17.168790816574187
91,1.7024243581754295,18.928461929763582,143.0371380785215,10.133588157456058
92,1.4701642089987728,38.790998834765375,362.2573801314922,19.65454297191669
93,1.7727286052555356,37.936660488028735,465.3516776182415,17.965610325143903
94,0.9264675026603149,33.183681824852926,431.97134146749266,15.592154556846854
95,0.9185227268184336,35.41429806708756,305.15261694319787,11.562354625413288
96,1.9709142621953928,42.968482238797556,282.29331213802067,19.800589960392628
97,0.9581730446305278,36.79281400368295,480.6201228819415,18.26055803262327
98,1.8229982116100663,44.75793902080578,211.99618108155605,15.09192279044265
99,1.5349065447231396,37.52276849274657,429.7377519091751,12.67341564308789
100,0.45632462171735877,44.09010382389133,329.82961819706634,10.389416228097526
101,1.867324747920765,31.80025380249772,316.0989344043644,16.413492673688673
102,0.6607137581232009,30.61950636833057,236.18012383717323,11.035597017731785
103,1.7444736998070953,44.15061753669649,209.0576559678159,16.671636706732627
104,1.1616359013673583,36.977816947087845,394.38563947759803,13.28373290098368
105,0.38623903576911944,28.510088998792256,288.63114525236404,19.269004596079604
106,1.4300486189903048,42.567520855319515,353.88401106189167,16.794947385509055
107,0.5903386736966434,16.695498615291957,408.5903527734952,17.193238760770765
108,1.0964347149850506,39.75115809357608,489.78789293129654,15.858390367449873
109,0.30485500406242066,39.046658002537015,171.56737010068957,15.805261408973056
110,0.44333771461934945,13.442531581707819,338.964074920336,18.031895802799134
111,0.7111199788285855,36.86331026884041,130.46630747446744,12.615301965160073
112,1.253599654793552,37.35851709061183,110.22129889427902,13.652937028687155
113,1.810694948797213,24.38473491952609,269.6722471744182,16.546510736311596
114,1.494415365410154,10.173455681143297,400.26876285894946,10.955270157146286
115,0.26061576661156566,27.465499166507236,424.90325208575405,12.889660764333591
116,1.0454731012581295,15.449851901737805,351.5781745841579,16.688040606725814
117,0.14415321534020084,10.718210658493767,415.1152793843066,17.13231270084684
118,1.2484173086730797,46.34838357595037,433.55322079135846,16.33305145414971
119,0.923015461936928,36.24957407618456,262.0081493510804,19.087725509236172
120,1.2132313948078115,27.03147064753461,466.6404691217391,13.998362835964782
121,0.12334527056070271,45.2834076280928,138.51875921110766,10.501478688381871
122,0.9491835229874769,49.24982779710035,238.30867811102834,13.4876167309856
123,1.2142821639154209,44.27404012370864,230.1811235065423,12.248001935217317
124,1.4838767420404868,44.372646190515646,364.823425941503,13.46082053233887
125,1.521320747714737,28.88311117079637,159.66859976139511,19.83875515046308
126,0.6044651643611535,48.2128063549039,288.87126035974353,16.055488205923623
127,1.3373792830831732,37.382233357521734,390.09435451926777,19.03552356052335
128,0.5407374332025023,13.85653665776946,429.0419126678721,18.639451932706727
129,1.8657002308979844,12.89831458418599,228.00257299174822,19.225929557565316
130,0.8060526040580885,46.418815462036974,172.52788179379004,10.701732977963553
131,1.4140741122615978,44.52765927665618,421.7528455081651,15.99116303508581
132,0.6072972838395536,14.961334838925257,268.6876314734784,16.828422515472056
133,0.28321431935034014,40.03905409913817,224.87456337397825,12.288164718417734
134,0.11516615003884095,14.300204034607482,230.4864318384933,13.930576525379506
135,1.5708042815848298,43.3955555633966,211.3091241437412,19.97619726292742
136,0.9804465811596196,20.34346019114715,197.42245836286276,15.888225313719383
137,0.8290756762204583,29.90687595605015,352.7075454622148,17.752698552517653
138,1.4023616720165561,26.468935857960147,208.05670246859393,10.75788570043768
139,1.3327315411362282,15.2507733179904,461.1243785531564,18.018060186206093
140,0.9295249110557868,36.17571659078315,283.7192729880113,18.804036771699277
141,1.8857698189147694,24.16980014551914,403.7647375398841,13.163272704668236
142,1.100510116792687,49.40417289707373,238.57759794848963,14.529393791235544
143,1.9559326480445935,29.55455384630983,406.7090527523211,13.155548376566255
144,0.4394873761335799,23.161873197628807,139.5794356229276,17.825648979559176
145,0.8903141795875175,49.572821998533655,453.45340005731146,10.964232449352496
146,1.1312173023649827,30.3339071511793,121.14933072207278,18.19875534383626
147,1.4298786995699801,46.18581709753678,110.40616627573934,15.072173778435392
148,0.2231492279359678,13.68648529629769,251.12216689850615,19.551154455469078
149,0.4417508387733755,32.7466355642522,380.66987278808733,16.350263637163096
150,1.61925523886867,15.43025440125122,298.9195321547629,15.540451611385926
151,0.7378028894723984,42.843437836727965,305.6995968619219,19.469383600102837
152,1.0415050219903876,30.6504167902205,372.91812581845886,13.101676515799326
153,1.6408953805567827,24.4298242325438,335.08216511080343,10.989830522544679
154,0.4595667112573433,33.205501134335194,446.2287209123306,14.919658225931663
155,1.2677040815614191,38.248378646994475,480.3468147665395,15.03490599826629
156,1.859008251680007,27.407732172187757,332.8781593749285,10.628369614672316
157,1.1096795411147846,20.742349423384695,457.51968832050835,14.151192371075442
158,0.35617024644378026,24.78748723926617,342.8374220879757,17.428292381572827
159,0.5736541981951646,20.46299120130317,418.4672330178165,12.345182674686125
160,0.8382561907865682,44.03127546239379,162.41707891334212,13.63843002032251
161,1.5907291847384966,24.812735130584088,392.51946092276364,16.36579618649158
162,1.1764917230635854,24.61445653625315,486.89624407457137,10.84605798061741
163,0.13419383739284413,14.262623921424446,492.5571693678532,14.54153249782781
164,1.054390214676247,43.67227093680932,204.11452073535781,13.840610153846582
165,0.776361378072413,43.705683133844325,233.28817351812668,15.331711921849415
166,1.099060347750837,46.24144457625664,115.21265495387544,15.447544118249684
167,0.12556355854834167,25.26595534613375,496.1379788824395,14.028951481476309
168,0.4146190807815201,26.72348634882211,319.1718940947494,11.73278468005216
169,1.9113317054660461,21.969440199326808,438.7398146996914,10.446244560184251
170,0.5413400762327305,13.245112540163987,474.88323806419976,14.182769641684349
171,0.15483010313021991,40.95640066974258,423.90359900648036,15.799381808692315
172,1.4203199513368576,31.513590369600102,107.84487521443751,11.641000241615046
173,0.5233701318518751,48.09410618766928,338.0348367132149,18.387823959817467
174,1.4466777511950673,42.64320475196747,203.40853831300754,10.555287216681926
175,1.167127380373514,17.415082917621582,165.61808957621002,18.943109170941955
176,1.0066654630583913,43.79417727051486,160.1956877253767,12.451010312473063
177,1.078034175945158,29.47473974492275,140.41020136679901,17.288865446977802
178,0.9215772869467589,48.279244056286004,338.43942465407736,12.55933560972676
179,0.2634661824826062,41.485983923056985,424.6727952659215,12.018023304212436
180,0.3319839965022271,27.10170567610384,357.5795481881221,17.83014038597079
181,1.3509480639531266,42.41030070787018,323.59525234282694,17.983441949439456
182,0.9108051199488507,28.16223336368801,221.0626589818443,12.422074395033924
183,0.9737431861052434,43.88490258921644,121.4927019394565,15.581761325585287
184,0.5070693643033708,46.31081921678033,113.0262204936361,11.977983645274353
185,0.3740130235014578,29.721617194512312,123.54034148745151,16.44598608971308
186,0.8199330222790344,38.42779881584157,114.69730923304971,12.162251293594835
187,0.6892195725526583,47.59929101285595,310.4175690531156,18.895452537056592
188,0.6781128439552345,37.65603046369596,305.2020640619227,13.085142910096241
189,1.7747111240626907,29.987409851110346,175.61441883292304,15.873365236491491
190,1.984853200553506,19.823653323958197,225.9018496285201,16.56419832120718
191,0.9762073120804007,10.911583076850839,439.77801241087195,17.670072722807273
192,1.9937626178955223,41.028320516108046,421.216176113735,16.85653184149291
193,1.7765711721358028,38.00782690450826,251.98119740152137,16.710408030792113
194,0.22035822679119704,10.324741293530558,253.55629870902027,18.957984723873377
195,1.2929205077214452,48.61144478695183,292.93259275150547,19.050458807844997
196,1.5854144341623677,46.962225815873126,375.90705373975004,18.35135325851733
197,1.9413751723232127,41.69348896377127,447.25651629124263,19.474366150256838
198,0.27236241244715304,46.90394866737873,343.4786443421325,12.828173627591397
199,0.9832231342098753,31.433042287088178,393.363028786804,12.19684854836149
200,1.095599985403201,29.822622871322444,437.0009767265248,11.23777593628025
201,0.8783778227551874,36.62172913824655,335.46471365170805,12.472941039108623
202,1.0825490837925387,28.309468208821777,391.0645373477369,15.729656804737232
203,1.1230648399626266,31.12296167495874,311.4396345725236,13.904517173083146
204,1.573781563462019,37.91679519157032,405.43339856785707,17.716411054969736
205,0.897881501691903,31.66179138729559,348.26838770925986,11.550071993861083
206,1.8692033176913558,13.318301042321197,464.11801962598906,15.343758812637994
207,0.2570220220201118,30.98556738101594,398.1439904294046,19.3554387946156
208,1.2006900995036824,18.782415169106716,276.285334963369,16.931573896156664
209,0.3486163007663261,10.806144534794342,100.18690101275116,16.07632881039067
210,1.2315596379459788,19.676470078677056,375.24942938528693,17.878813577567566
211,1.6422108920854637,34.28806146393334,356.79734832734385,18.733738839708302
212,0.7363170384611231,16.516607443490024,353.00323011529264,16.246142887580767
213,1.7690609970321614,36.02438014396304,202.2002661828143,19.006879584716685
214,0.6319051690405633,37.696509275575565,286.3356275616045,16.517736291206603
215,0.8217193346886388,34.75263784679643,306.3268293913818,11.994524037029816
216,1.4652524816874322,17.089212989264205,117.50117098918804,16.408607929504235
217,1.4976758009222524,11.261960959238543,361.07208288963506,11.178344081594997
218,0.5761630440375914,30.126946501616246,419.87435314725775,12.782977568493408
219,0.5105322948009424,20.96885691874426,190.8118714846309,16.26841170809402
220,0.24331583110072402,25.0884677874951,475.3463113113056,10.54927496506614
221,1.2281660113187902,25.56206122238459,487.97465290545864,14.239724255184395
222,0.7871309504764211,21.878160010752406,274.8985001561638,17.45961629868448
223,1.5927350221110699,24.266346181406234,118.67147638320897,10.263139758385467
224,1.5434903573994798,32.53255220284129,198.3986666567352,11.33561571737705
225,1.9839171865610845,49.7726286803902,387.3114485175122,10.21355912219527
226,1.4074645271165256,41.3741765893509,372.46192922316686,12.585678214489949
227,0.6592110141177826,13.884716252267761,222.94839278242495,16.9862996257448
228,1.9501093610697475,22.868779923807665,163.92054811806017,18.55479485744668
229,1.8866211502061312,48.82087919522413,318.6284151769747,12.700154336891138
230,0.24593106246933277,47.54548872416451,364.0472644661672,14.29863692153485
231,0.8102789959372684,19.14479148448569,284.25455457200377,12.381729815466352
232,1.3413486629269515,40.62290187911538,422.50793529357173,13.767030617301078
233,1.4116041504159744,28.528039597309927,159.2220047880479,10.97516638819375
234,1.4963801212576178,33.905751958285364,214.40316593604305,14.733473023125105
235,1.3751987348350108,33.980047429944584,144.46122704877408,13.666146371108184
236,0.6697727868184641,35.941021752023836,320.5107465907505,14.887622409415453
237,1.132768947910066,49.314422910102664,213.70695909809936,13.954981381937584
238,1.977233208114071,12.167447651693205,378.32320335409986,11.51472948965746
239,1.5811429133410746,18.27142057789873,246.65610667464634,12.93768392359171
240,0.6707447490660043,37.1509987340667,105.45583316075201,17.732758214608992
241,0.6203124601714678,10.87507197045009,346.2512873257442,11.693169896252417
242,0.6476377901162114,18.901515623397977,426.8996272784092,13.128451429735696
243,1.7331872035239329,36.894754792258034,120.6466675019663,18.091653231502214
244,0.6960746384699524,30.015486835431446,491.445670429234,11.864750179804577
245,0.4268022337614418,48.91760826816227,136.24055180991942,15.982581188399333
246,1.9632816447034305,41.9741976261937,128.2492115771871,10.479360778265487
247,0.35120719775323794,11.33683924361836,424.3054252103033,16.812978743935297
248,1.3556832930573839,29.616068888282875,333.77632229190345,11.756237648342859
249,0.5607571451581209,34.15547387118926,247.56294108451215,18.293907346008737
250,0.5165780861152095,10.596305058025974,240.29605690901246,11.427179081908314
251,1.070368672871726,43.23263057330629,186.54856823745018,11.29072761742663
252,1.6486546888255904,14.19679019511042,133.89258242163754,10.933271123460218
253,0.903449893977463,13.926253188743575,473.0696169824512,14.032005247516492
254,0.4792182817006321,24.296641091880993,254.5202322452614,10.587161623463649
255,0.7840763361750239,26.388456726875674,150.59384997279435,10.078169818503595
256,1.9951252671477353,43.2451134441338,132.60166429508547,16.698026414203916
257,0.46896087782363716,35.113739908625675,482.30761203749705,18.160195901760137
258,0.4576890074307919,28.768948530253404,479.0322657269686,13.722449559689336
259,1.1196637731011527,21.773180880395557,494.7964081027962,19.91586935364809
260,1.5077867728753607,41.30123151992282,411.11622655617185,15.814643056261843
261,0.6384339380167204,25.94002195967442,151.53112211429195,16.998686061811657
262,0.10138723620668864,24.90219222492226,174.46464282751595,13.860800188331755
263,1.012243784616441,21.1230341964582,333.354445785743,11.678826005959335
264,0.4500254069559959,13.512731030773331,498.23109132985593,14.573191819211445
265,1.3367235047215718,45.45177710486297,134.26562444824552,10.608555824734335
266,0.44603848537475355,35.69468781174279,371.4740524292575,18.698120630646457
267,1.2025932325814372,21.2238178531957,207.1964089270018,15.502508681729985
268,0.8273610915758318,10.417211964203794,498.8153271471706,16.888495828878348
269,1.4562446536242089,25.466356587007933,237.8433449233605,11.909345903301844
270,1.791375308567078,33.76433224565685,216.3747029359135,13.771532164777877
271,0.285311671697553,33.022095306362004,330.3464345755279,11.118021857191428
272,1.787504241342976,17.04266350451886,297.07899930878773,19.983987168321264
273,0.30712826814114397,24.676528355903308,271.03585541822173,15.676554683665806
274,1.2299376678750653,21.409396608557067,467.522782556948,10.30079753988534
275,1.474737856597233,30.401035679554752,309.65372264531584,19.50092078785633
276,0.34055793584446536,41.21320538000789,392.11657098354704,13.400133861832838
277,0.43601353539570586,43.541422283482824,219.7726871490166,16.11310073673755
278,1.9006972217119944,14.525925024951842,483.829280277922,13.24399713848749
279,0.6924545397448996,23.013413765132555,465.8447147727113,16.189247148781632
280,0.7044001741611017,32.28708777667776,422.94746778617997,13.792989159805371
281,1.7459710630476364,32.24884934277246,479.5312837893258,16.34035218768168
282,0.879165076632653,39.92744465040033,362.96913219963386,18.622427405058207
283,1.96913352452878,23.665730235207896,345.84415736887865,11.308555954949405
284,1.1541379583752824,15.144667545646723,366.1657911801363,11.826591747363878
285,1.5518358681575435,10.11774640621828,277.6304988213459,12.118664619556121
286,0.6869442795633891,43.10551853736601,354.35794151755636,10.175604457254353
287,1.6709069289895386,44.621909919039,223.92964107512336,13.916005798830852
288,0.27569589932826494,38.87022707719538,302.1252059968858,10.168153611045428
289,1.9266256319971113,40.40960741779108,431.5418010959773,12.15730026522516
290,0.5656766464148546,41.0436253215562,262.5753527989648,15.21042120279993
291,1.0368794757894666,35.64327576081155,332.3734751469197,13.371101076908287
292,1.19317490027938,42.06164636822632,301.4830072343233,11.161292126101394
293,0.7285348952892113,21.254002119088014,191.41799524422225,10.151145600575456
294,0.3393837975746622,17.926324452494,278.3120722771007,14.591526153908465
295,1.9250983540336648,18.12983720210604,363.9334825090399,10.520251822749247
296,1.6898839216214778,34.102724756012904,276.9137922031565,10.876542105459643
297,1.2725262599837697,40.78788772055528,281.10623395001744,18.775502993579238
298,1.475679805502917,15.345346671994653,180.47975013919535,14.993862991529447
299,1.0430449693439032,14.845192680082677,178.29310803315963,17.357239477393627
300,0.5364510476466001,41.56367077047882,125.44301536192519,10.480081918171722
301,1.645125733545617,44.47994500982542,170.08417771539717,19.848917116033746
302,0.5796245264405964,30.190710391303163,330.84631726984827,11.447672644424873
303,1.0915155915131862,26.850502992359676,477.7830839388124,18.594690578459215
304,1.7784389807424277,23.068506589031948,169.67777454818548,17.21256945711729
305,0.905196995889846,21.177069084414022,188.22350738391754,19.593818242184938
306,1.8267482507699784,47.0898367499042,341.6471223499972,12.17261814809994
307,0.7881297609609168,24.871052833315495,425.67555944402415,11.761460432657929
308,1.7937132947871086,39.991304823254126,212.01447313719103,10.592598186524722
309,0.25007898613400903,31.79616323923809,201.62254982793965,15.313160937592425
310,0.19064863460524856,11.281002892967075,322.0694430876871,15.837156630635217
311,1.5211897303208235,36.2181320997651,244.64377341473474,12.547286444169607
312,0.4209102084464974,23.32279540464034,315.29942497447615,17.231293927731528
313,0.7589842462926755,45.41081900600055,376.92213350979455,11.407861789454726
314,1.6832527630795504,16.18328875491038,324.79805267765255,10.901826820531232
315,1.562013221571696,14.613547203451738,455.88416477917997,19.458146560663252
316,1.3444190152818827,13.096832691019099,455.14345873076456,16.628149909444456
317,1.9518766320472696,16.34875089770486,259.42569056000207,17.01072542612416
318,1.5540075574248768,46.86175212231123,326.75361536273164,10.204619061415233
319,0.5297035522143086,10.25892936906472,248.3682590555404,13.516446559396778
320,0.448918190977754,37.02885084305214,195.4258205222829,16.96317949273102
321,0.3996625897259306,41.75426549064094,445.4856322246979,10.060228043084589
322,1.44462912294259,39.4431156965434,112.25150452118002,17.89647128881874
323,0.3149468880414089,47.82348124982957,276.69585970497803,14.622109503077095
324,0.48216761193722435,21.383454289004312,283.1270279795069,12.277989095544118
325,1.4399000124571237,29.06062176443819,193.50341874856684,18.313981726993738
326,0.47595275628033384,39.641145301715596,293.4332140019514,10.112333461366603
327,1.5820056823536632,44.84723891681949,165.23312032695134,10.680164360091263
328,0.3708492233663955,33.25904100581831,304.3037375441994,10.717755579970252
329,1.8735372566454966,27.31851188561173,231.4498443774132,19.06040930893597
330,1.141883360050793,44.800087139007104,221.31492331455712,19.684952329179445
331,1.2568159674044022,10.220876704964901,495.9596501192951,10.768144491282268
332,1.0616933531831811,28.2295257862897,112.41755210118777,15.900755700509945
333,1.2189578079275845,22.922627010652832,143.22294086581016,17.32736563938208
334,1.8473010434306705,47.93096320654573,166.77196495370362,10.539759513943213
335,1.7251063476246051,30.557255703675494,337.54307297865927,16.70867366753384
336,0.19190673334380556,26.422001039393123,285.9607455645498,18.492820908479075
337,0.6773408069483249,34.600187947037675,217.30922019889923,14.672096234007533
338,1.9024915602432617,31.550088054059557,410.0119006766424,15.669419367905013
339,0.15647605695343475,13.070453558148246,307.64935745519807,15.303524819101979
340,0.4848255712260361,32.38763458952626,249.97941272901488,15.369362559015482
341,1.510030868497601,30.519319584080268,312.4957970142841,14.081732868952457
342,0.28768143175379657,20.17164837710724,279.11672937214587,18.796561996222227
343,0.3935235739064148,40.53764718932453,352.05444902787565,17.52771304833235
344,0.7297346822314923,43.31428327211295,101.9735704948998,13.148476697555864
345,1.630329683400451,24.105850938921627,402.66827402765585,19.240639399584747
346,1.2604569363766345,15.305704315475364,191.9275380282209,15.520495215806179
347,1.8170093741802882,27.57735669737642,260.10925463716967,14.536214067608118
348,0.17558380904908205,19.608778387199962,194.61249603442798,17.700357332830777
349,0.14719099260467283,37.61751837967819,257.50845226026263,15.062381318638026
350,0.9950822738960404,22.610239238078815,414.58542615753896,14.761390406806196
351,0.4162288012466012,42.20596308778554,103.60480198393661,16.570216848496628
352,0.2122124810941205,16.911122841787975,355.6267951143913,13.116369654200891
353,1.1134973249448816,22.7461108143495,287.45395225840474,18.8215157821228
354,1.295403347632006,22.31011080075556,119.2367939620645,10.225559938028951
355,1.0813372166189668,12.95791677475222,122.29404467628267,18.836219446994246
356,0.10352978482752874,25.69748637954605,469.7802365239455,17.391866283581695
357,1.9195757044758839,10.657695352437601,273.8431582544388,13.037001090144894
358,0.26337032631596846,40.57185856634372,140.04252700282305,14.430806986331788
359,1.5760042922479018,39.23174834203174,404.9816495841892,17.267286014723044
360,0.21711182765627016,11.857647011695258,497.5882528191923,11.520832678171205
361,0.8173600458071867,46.36370895154649,135.3812804149451,18.126471198850602
362,1.5674664637964713,16.461967986776916,308.6079544775798,12.84964111022785
363,1.5458793123387402,43.41627526650025,493.70884663532314,15.205326493564675
364,0.6129566022314247,31.11411450248006,205.6092074807481,16.121320801366135
365,0.1266394332342958,32.472292706875045,217.9080578313911,15.016546304274916
366,1.302900758566622,23.456807364432137,297.68872614966347,14.711699799352761
367,1.5799949983992316,33.662087925456774,294.2823360880882,12.020700048942663
368,0.17816312197477185,13.184650316606676,122.57497437851646,17.209000482731543
369,1.59504009311983,24.58503030165758,147.06326565317852,13.54414876661513
370,1.5983972724514004,32.604729366009785,192.5961311368653,10.012160373049607
371,0.7192169683838988,15.538124830089359,314.05991999262824,17.099039258962225
372,0.7149073748668082,27.786083217630825,349.20168128620173,16.61162172572032
373,1.068080144052158,11.78710696539546,263.6941407654323,15.468574953807448
374,1.0638538887907658,19.749821731230565,177.53776514720948,13.34968833912689
375,1.1469126336277848,46.81863617688461,105.70516319397488,19.397169243031684
376,0.31678507437496983,39.15133506342825,101.38714493248523,12.623803643259839
377,1.2444240829216697,22.091837510748253,158.21068632555466,17.686447673955442
378,0.2945044775937811,43.58271112784939,485.0628268531909,14.669032516491729
379,1.3073727824132149,21.324655095155304,153.4873887859951,12.512019017246178
380,0.12072438679587004,39.77084706799866,284.8218004411946,10.023326117576437
381,0.23149617463477576,18.850288915065192,125.9017784103003,17.954561626745253
382,0.31917905736301877,27.991966342222455,178.59163709041195,16.256569223864247
383,0.769169005270741,26.2545217684795,367.6934579661562,18.363208174013806
384,1.4480128094187592,17.68477426885777,162.96673334831337,10.433580699569001
385,1.672073113837583,41.4671623233379,245.8227726927539,10.149891877251136
386,0.203378789641434,23.21678129611479,420.081542614736,17.775505890534177
387,1.436556351934587,23.10217026099695,478.0595218451854,12.368400028933866
388,0.3066409803067283,37.22097431973637,443.476439148407,11.539704108948627
389,0.23033837664255477,42.010419670212734,119.62109206042527,18.241777568251766
390,1.3119225454261347,18.60754258572119,220.01935283395144,12.439018694161936
391,1.6907887774515016,41.7880591631782,476.6393210790153,19.581874988538093
392,1.1561497083594692,26.964527746444006,456.137931710191,17.228786659599816
393,0.8811754999551171,39.53020497450011,264.4831543281416,12.057559012642212
394,1.8618863726833974,36.755956650797074,401.9018270629349,11.390339841064174
395,1.4872695432687049,16.00083258966265,264.8393568014235,16.500858417817646
396,0.3888229759477764,26.07734276887259,447.0591310083758,16.00436582128282
397,0.9497298480608697,10.36402008420381,489.3238269018629,14.703269860869504
398,1.2520332087789234,39.5185324865442,235.7530760704913,14.451645973375598
399,1.1168176620897925,32.112942610669926,497.86027149741375,13.21651380899256
400,1.8437305576740763,24.027784293168285,335.78198951745185,18.789741970995973
401,0.7156503834576302,49.74050618821385,412.05344619425875,17.404696765861154
402,1.0198311123028578,25.380684711742937,402.8458204196258,11.501957020390105
403,0.2698329949463242,11.684985660252385,391.3701304752156,13.709935832817898
404,1.7504550490514554,26.692915759645707,385.5958061266444,14.85821946642879
405,1.2578373006389805,34.96888534935721,297.49148260937955,16.21824803882465
406,0.7066180214984613,49.375733334802774,321.05419045535086,19.18234708313726
407,1.1702654520151783,42.74862831348043,370.8536848877725,14.201672020461535
408,1.0013043093005198,34.43947516305147,296.21666888481457,13.012829253716601
409,1.7834980794579884,19.21055408391722,298.07986836462413,14.278568747076376
410,0.1861775530455334,24.71086046673472,437.469515979008,18.231790231920296
411,1.4218910824533084,23.868927593790183,493.296679747615,17.81451375867566
412,0.628369880710015,11.05000257633637,213.0567319886332,19.334318769120088
413,1.8137529359587214,40.840324404249365,220.79292311878058,14.940294317546314
414,1.3124567746503657,49.94723996340295,443.70235858444545,12.568106676155487
415,1.0737537158775858,45.61209360306398,156.35292900568334,19.117125372317368
416,0.8741804305586767,44.48092782274242,269.5722374141918,18.60773665352371
417,0.5444481610941566,40.167241272288486,162.11214643389005,13.71795659463642
418,0.6818514380468598,47.65487388675298,129.46379778599155,16.727235753566887
419,0.25854535667564327,40.6531947473858,404.1188805411416,11.889925860319977
420,1.4609758375526138,34.567867632226765,289.9045709944613,16.138516369460696
421,0.2997809319422429,44.890949976709926,221.7078651673122,12.727136101398948
422,1.0856682979744803,42.14529121157638,258.21450227025844,12.976862927396407
423,0.7396099174487751,32.87780781787741,285.5089244349793,16.435947897393692
424,1.6987033534834726,27.73300807711774,373.6751251399386,16.55802621903628
425,0.3287120336384529,41.8322614964607,432.12159054442003,18.992551841894677
426,0.7656508909334131,33.490184256596365,204.9582960137497,13.977712704952241
427,0.6352032040476165,35.13079811382645,407.1389546909114,16.093456340630457
428,1.4515296534129725,10.498348004417979,217.07802847951132,16.08361645558812
429,0.6881009896024176,26.567636691223374,149.64813021763808,10.996691708882091
430,1.825114626769123,36.83412345450961,168.04936341021352,15.401559823103455
431,0.6724459242448748,31.871035853624967,179.56656630354814,15.895612354015759
432,0.968330199860167,25.914026500015602,316.4721806508628,12.502194723261132
433,0.7121612200338083,26.117608108788556,188.71593560130515,12.085145193557809
434,0.17307216879329518,16.740435187281868,161.19292759091275,12.738778206863257
435,0.841781679916951,23.92261988724999,343.9724066506467,14.44003103313765
436,1.1812032327515778,45.9098316744062,481.54748727234505,13.500435551462935
437,0.5571894452618549,21.317501366896984,226.29056083191165,19.679763007422878
438,1.035984214917293,32.07063631424643,214.14218233391284,10.513958476350526
439,1.546781322658535,15.209579988099087,150.80842351360462,11.193398301235241
440,1.4071675848061749,39.0998735951555,295.32165408673666,19.52973028381909
441,0.3302979287602694,17.625057176790854,411.22869777295017,17.587462812660686
442,1.754486516076687,15.791616361845296,134.57687829107658,10.032237517272835
443,1.805633659945671,48.73128567331754,367.3568335345823,10.402552260810452
444,1.014941811216505,39.703728792111626,434.49193960123984,19.14446096744701
445,1.6626856138258674,10.034258309705487,201.4386496228002,17.611985954717824
446,0.10814376139133411,22.248185482775035,365.7074432054337,13.6725223297862
447,0.14232562754113975,28.66116399248398,450.2960724070244,11.490261656457042
448,1.4252075601926475,19.883719097612634,315.8629353626484,13.183889003162763
449,0.6640985157687987,37.58510749722977,346.67986681565776,13.730757260584378
450,1.1406416496795537,36.663188986244535,396.50350792769353,13.578616411868431
451,1.309407379754684,11.60807405730443,167.41418630062043,16.311507793517833
452,1.6768953071398298,49.03006169763846,384.79647755487974,13.330973349159907
453,1.4576358538883412,45.929788916902076,372.17686036343986,13.750171260162887
454,1.706089887085806,33.443743770965845,182.85163911389716,12.851737299709995
455,1.7797779497250215,41.90997739915285,419.57423235056854,17.653723821821767
456,1.0309555333250688,27.847385828116188,445.1906550885261,12.414270330043381
457,1.0526376913059508,13.414315928983768,141.46404341002426,19.103951561633416
458,0.25545218004252196,45.571476045528215,245.43621234331846,10.85117805342538
459,1.284470383701909,18.742757823538714,124.93130838945895,11.26101155155045
460,1.3345816114648572,22.40789891037635,127.36474034905751,11.704132995966468
461,1.6010847994028214,46.54469392776963,203.68786674943783,10.884189430675548
462,1.3010833536729929,19.04237482890857,192.25654405915301,17.006477858014236
463,1.5287392852756085,37.43860899244716,106.59438256187757,14.333273820151737
464,1.0493714150530142,28.955473255593535,382.0612059695732,19.54433514192093
465,1.2092728690183066,36.125320787014324,254.01839170659238,16.27015441887832
466,1.4265735530839654,18.099351473018437,200.3846181321391,14.001392844877788
467,0.5776033793097425,10.781878990634132,332.55652925685183,15.171344294174514
468,1.6655617792973239,11.558168636403453,208.60035020753963,17.853212501724812
469,1.83339415363154,14.44030003323266,242.40717264953747,14.79599835403507
470,1.2856985851420915,20.42621455819701,268.3243057310003,10.924441090616238
471,0.9322496968407189,30.680803092218902,206.666165337706,18.855044119520613
472,0.57226832685833,31.261263089087542,420.8867692580056,14.258130875623161
473,1.7526879058766125,13.530927183949117,430.1503832924811,14.506545927272345
474,1.5410359334423724,28.259278190745963,277.4770958952689,13.989394382812861
475,0.5513457527706618,35.59277848162949,181.4065053351748,18.105771690949645
476,0.587907777753186,16.763781186281612,339.88986037821013,10.198907111145704
477,0.5583302152825967,33.86276828840641,111.70125668447602,10.361039335773551
478,0.9567725856805798,33.95336978564237,317.42428521502677,13.87749131203203
479,1.9372299668353123,49.06937455964221,247.79579952881303,18.3270312848365
480,1.880053722588872,42.38725560591555,362.6586688177706,16.75643931898034
481,0.2893486119489086,11.668572113290754,218.70523520506057,10.738395575105212
482,1.403567498420592,45.50270625131712,209.4730956046849,15.197101787809228
483,1.7862274521827315,12.127736118330613,351.7869200142815,15.439207157228001
484,1.966805526298143,17.741820351736198,455.2944001531762,18.847312329050357
485,0.6239082685875136,45.07029659518912,418.0159881916618,16.80959989396727
486,0.7998016108377368,48.975867278087875,325.1780944294492,10.297889873598718
487,0.840515747141839,49.11062072789751,401.1378869657143,14.867571282940496
488,1.8649324874910644,29.15967377175623,472.3003055406125,18.45246588638157
489,0.22839894730070137,33.82184148835546,195.19135839217222,14.066190723804196
490,0.21803544812649422,34.883499121948375,488.74875682445014,17.699384223128703
491,0.6445470922493071,31.022143387482323,430.66951691926835,12.041916142720735
492,0.5988522624735173,39.85285077013154,388.23726994488754,10.57057620194216
493,0.14065768191057423,12.332271719511308,355.3177676199422,10.657053252753258
494,0.2661037523140332,34.827035538798334,148.783648184205,11.603925567913311
495,1.1725570480835859,11.017870916436683,204.64398937973675,14.149417988756253
496,1.7295025044022005,31.47725268436031,340.35526794577675,11.128012626342727
497,1.2423519402300023,29.288016225608196,207.62050286384914,18.673346953059585
498,1.6946128764120874,25.877487777422363,345.0917537071393,10.8292188634475
499,1.3987811258574219,12.273699734113718,131.36360389395824,19.410898068811818
500,1.3204208366487542,45.77354993719569,126.00844237413267,19.488297329608518
501,1.0323536004915552,46.61732121863359,322.7070347413986,17.975457809785382
502,0.19379366278079663,31.748277373089273,143.88309303863446,16.589451759393228
503,0.6997784143973531,47.61440082006004,469.12364047864884,18.40549052864933
504,0.5259962988125321,28.39763921575159,440.5347066829259,11.894091959251893
505,1.1918354752990648,49.833602153380106,318.03644244153475,12.916695835757498
506,0.1188648980550957,11.914051930043827,325.9722582811173,15.696636656395953
507,1.2876732197080307,19.256083534291356,232.81604450847425,10.376323643379058
508,1.1653487459162157,29.692834760075872,312.32374270033336,18.434990793551776
509,1.2829646995681585,13.20856660183618,395.83486661910496,18.57329130089262
510,0.5695088702514884,14.428057257340239,459.30790692647207,11.591506941969092
511,1.0716624837804642,48.929841675640034,119.188256214342,14.821074927204519
512,1.9886762352568514,25.169324611092975,228.65044713641157,16.94759298656986
513,1.8753934943232462,46.47550200593007,222.09381118725878,14.636543369330898
514,1.3635475056379711,47.38273521329317,340.46941414433115,17.33936935430813
515,0.8327765744320671,28.129555918788537,408.0748268192936,16.49932674993203
516,1.38548064665723,21.479614819273092,393.6519606633164,19.026878591398365
517,1.7667285254363414,10.470110142785611,398.72461350984236,18.72398522431762
518,1.9148501555748303,20.014283816386644,195.60288675239963,13.425545132740515
519,1.1597719164302993,42.543576493486896,359.639110132031,15.608873278639672
520,0.8703334269882992,28.345772859982567,435.98219420915933,14.284265087711411
521,0.7516011634328594,29.85414590487528,336.6385567019414,15.283324208923506
522,1.279830788534182,34.46925245813517,123.68044683076724,14.394410473157048
523,1.4593958411336065,21.02849595407158,319.7876626991308,17.05221412592646
524,1.9098918423170042,23.36179699641643,474.37770857565,15.735101517732684
525,1.517167642629414,23.837720955674662,406.085882982728,14.419709849275337
526,0.4677604395847623,48.56477272113225,170.6234391765128,19.041384568390274
527,1.6521010870861932,49.338172357484716,109.58513229200568,17.92147424697363
528,1.2475011425508338,19.765902932406938,349.9951333610121,15.579175841025515
529,1.7182860175223837,38.93137451402784,348.535437328755,13.441168313217645
530,1.9533573859260402,46.70765660084696,265.98917505527857,12.072787672172097
531,1.8419231478267146,20.6741242513816,399.0908259351681,11.09115316180211
532,1.9592936075856544,26.00142641855854,408.97588717977186,12.744772372911976
533,0.5293182016804259,27.541173354640314,426.4976758734815,18.25104596418486
534,1.2814430636389036,38.978863020826324,379.5181579695663,11.710842543173296
535,0.5547032123923934,41.08336404169024,105.09193272903742,15.82446429369216
536,1.4384288863907164,24.934086850333006,323.66399764116636,18.081474592705018
537,1.881663501677092,34.50775384947113,353.5026145783211,11.627149796354704
538,0.27825574187804836,41.24420055904801,201.07095888238126,19.073439326311593
539,0.15011284435542147,17.99435587733308,485.9723594210096,16.453870737303014
540,0.6978309375943627,48.7934831078854,434.9411585824326,10.125477805806732
541,1.2334072561734333,12.08984463116799,117.88908829538724,16.040622653485535
542,1.9919743714759013,37.74044260845535,102.74692551772677,18.151029773663016
543,0.7480296700953701,35.838770190584995,454.7278632912405,15.921518851753026
544,1.1810124691559694,37.7750726559054,440.93700786246023,19.87090261213382
545,0.36038636424033044,33.33323943910713,227.1864096489091,12.801269308835337
546,1.5253849555590289,48.683259902721986,148.3360200727064,18.334167923723413
547,0.8922389458621711,49.717751164271895,337.0281843255192,15.426734325781405
548,1.0165948447176272,37.26711897155053,462.85287991865624,10.745378193064072
549,0.7213137642204679,31.053716780832,104.27845262694639,16.761486376616173
550,0.8605934477670132,35.54571316640545,407.77935050801307,10.643569348573836
551,1.4893485752825963,40.68288485878453,463.24205151863606,18.763863220180685
552,0.7195554745163195,27.217819942746026,413.0433862777735,12.964080462061897
553,1.0512957805444907,42.25971368264033,462.35825114296154,17.80073905000856
554,1.518778471461196,44.765291585365695,308.06528743864646,12.371232685908291
555,1.5137744572721552,32.950882187384856,212.6745710876058,10.109054204973665
556,0.8998256964302653,18.31583739900617,241.39920875552082,16.03225285688609
557,0.9604443437247585,37.175037116591604,453.7443017219665,12.596164655376647
558,1.1981275235954847,14.804948456303254,190.72488100691578,14.242925115643128
559,1.8884116206970722,40.23865441394909,244.95118686439343,12.037104344968078
560,0.966433083379359,16.6048079124351,240.972047602423,14.641648402418198
561,1.01026061491825,15.922708270857676,290.496589000929,15.25336302873846
562,0.655777810713939,24.741290031127207,210.08268279340433,10.61212034908639
563,0.2423194287163994,25.989700401002846,442.1533779606664,18.172504388161553
564,0.3263910946933213,30.566291672905134,492.09703057824,11.789791670744789
565,0.36436444353824426,23.88693623828193,289.4011247977106,14.015058522458517
566,0.2786550635243008,20.84024565387927,435.2298060710256,14.127494353479971
567,0.7795625256499543,28.00597577008244,171.93024066856577,14.316173541633617
568,1.225228822016729,40.748220684570356,234.7355473723106,11.981944235136869
569,0.36764626274337775,25.664935860493685,172.16609834082863,14.789019238223041
570,1.6030908154785823,13.587223840635158,430.9912081825329,19.792937024076316
571,1.6272482570526685,46.20252668277983,327.6635668946186,13.83196618196108
572,0.9349397138370209,45.2113567616314,118.22959259288253,13.626897195725661
573,0.6281762848338328,20.807714461727848,473.22196278889277,17.367967596822265
574,1.6382521311805562,12.234304998420235,325.4897844451437,12.131240412167982
575,1.3870089761534536,12.847418858656786,411.6168106790906,16.656881925343225
576,1.3290724797238969,28.5848807343302,441.87175289844515,15.043808653210633
577,0.38193834864854337,28.409320202150784,287.876993309783,10.008409768830699
578,1.5639433463280228,21.83354112592358,215.01182494724827,14.966889366169392
579,0.8757879765998562,36.040735146675104,403.34244683422094,10.230825999467699
580,1.9746445617817627,24.0623609221393,167.94220875830723,15.027173128100685
581,1.912977940834514,29.36626338714396,328.6879016509267,13.555565832318972
582,1.2627027948955747,35.215596163468724,114.03474119919653,16.32742146014208
583,1.149518460238934,17.24126749830628,182.66677879865057,18.92644349933102
584,1.4331054610430871,42.77726581180382,490.17105437670614,18.86119849904547
585,1.6591297988923424,26.623584996794733,237.24139864338449,18.11310674167341
586,0.7422949326164421,22.578836529794522,300.2113087922903,15.410261263341244
587,0.6223916872606455,48.35739178440454,156.69024679789555,12.334901343157632
588,0.46626282737166,47.30538462546765,145.79212662061528,17.909699094688655
589,0.810940473728891,38.302695783672256,120.19967592127753,14.956529667644595
590,0.7644388971558651,48.50298428278405,328.10201123423656,17.188105413164646
591,1.0062462692322423,15.91011587027876,334.0391736205662,17.632606369269773
592,0.12160586631593272,27.508780295994516,273.380661337608,13.395873735290172
593,1.1832066064702078,11.726781954951413,146.74815044836302,14.040563233007617
594,1.9566698733951042,47.1621845059234,354.6675773829261,12.711644293937521
595,1.1780341140960826,18.025248137347422,130.0781587137649,18.14324908736863
596,1.7625170194607174,27.155184884943257,210.8495278710662,11.578527479053273
597,0.8350386039755365,35.16703907977006,457.83278054599,16.979967170001203
598,0.11189053950406995,19.175957810955275,255.06318121320896,15.86453024773997
599,1.2156035955381563,23.278659911816703,447.9662805212399,17.938841947548443
600,0.4120485152949873,27.938458138126272,344.4231121308692,17.445268033629297
601,1.5247943631447358,40.30462682734606,462.64961595212714,13.532129205289333
602,0.4541873317198515,18.442233942834783,175.25322920111995,15.38899361423164
603,0.5459808998449852,39.27698501031003,402.3456933899168,14.926805772864633
604,0.6174674660670866,41.174511482205745,360.41078000162497,15.226833594336107
605,0.4951280381170283,21.508587654911974,405.61403766239414,18.024658037416376
606,1.8777268096589812,32.22870652987267,284.5509407043953,13.226572801364252
607,0.5317468830825796,41.876592183270574,495.35169082757136,11.134725163265621
608,0.15230726826573948,12.666393551819624,256.938958433731,18.285349287098505
609,1.4730705327514637,37.98356961076365,331.7223763688644,13.132806734556109
610,0.3763185528815014,26.668294273410265,342.02785476485303,16.918901941402282
611,1.9604356112003603,19.286079441099737,428.0022050941391,14.51443364805592
612,0.3792396793545655,13.366411801717794,460.7032020547523,15.296191257594904
613,1.0925104622505488,43.843205798237435,233.60446532517656,19.154870095824386
614,1.6098568151006978,34.95911757448148,449.15927892237187,11.585102535392053
615,1.835145540110347,40.08580640525972,427.98254299973786,11.027977216336048
616,1.479285168136769,38.05526075830141,155.15169841948617,11.458976626710982
617,0.7325194664913423,19.86244822083873,444.4882372311491,19.57497919073302
618,0.5467263907044886,19.037304894461883,363.2793197061784,19.27686303205936
619,0.43050154000483476,45.196966788391336,113.97133880493212,19.367043696906777
620,1.4492677083857182,40.246145701296484,275.51475341670505,11.243172348295563
621,0.9435320124487745,47.7986295379385,179.9604357508679,16.87219117482669
622,0.9848891486293678,41.53666562507137,387.7910606464992,19.31567433349027
623,0.9521569910968892,48.02773746132237,210.49580481223367,19.764536910654957
624,1.634592888146221,14.762567141394968,475.80959765955254,11.084800282035742
625,0.2343757292636817,35.363137529243076,395.47482648898915,14.163040286223987
626,0.6802472181939708,22.796497786919964,346.95649189190397,19.28136441794393
627,0.7911733027836395,10.999992514516542,358.8734052502007,15.975998971526346
628,1.6969987415366323,38.19520850787595,108.17130488082068,16.861084907221688
629,0.6027555081943256,43.9497679665068,471.4849494995084,19.965112658517725
630,1.9332747730203634,38.483845803752224,426.15574699452765,18.30383066691246
631,1.797854578901013,36.37802632870384,280.03151603972293,12.879799792249187
632,0.43080779860420493,42.44554271486728,278.7033377118852,15.263031034040987
633,1.2209275283861778,20.490620228755304,115.00713910874133,10.782142898547777
634,1.127513644878082,10.944135669810995,388.876147931596,11.921830635065508
635,0.21015550685082868,21.605773836434082,116.99267893397563,13.749924439451803
636,1.7047281264531222,44.69443859105884,493.00623071430874,13.416721817389
637,0.19982816195042702,15.08104030805092,274.5537262512984,10.464641493468053
638,1.8920796136019733,33.752645874895656,490.55210698796105,12.182543794920957
639,0.2404977837036657,45.82780591966953,451.17371329955114,18.51936789507166
640,1.4915501914066327,32.157432568683845,129.03424735310907,19.291245921635678
641,0.2814611736248261,16.942858620932633,251.269732108067,10.187117531577078
642,0.8370975967052356,32.962167697937694,239.38081282830873,19.196958981825304
643,0.6081834925277183,48.8727334510242,127.94338364650068,10.775250536236308
644,0.33457395786386107,38.82143069256428,187.73678085946835,11.934724625576994
645,1.555975157622194,17.020900485160922,329.0051408415733,10.63217676075396
646,0.25248934819241686,12.366640613935603,237.00370368140298,12.995660551704532
647,0.20571458541086685,39.3931126587986,417.58301747013866,18.545073045731183
648,1.903426180184637,23.634997951883,461.9619145929218,19.712232258573298
649,1.4163154563517002,40.88807940523624,258.44477994017353,11.963117125252223
650,1.2230652390269394,23.159877872665117,497.1270611867779,15.941532693031986
651,0.40094896573367667,30.920848534669062,154.61448490227917,10.423022093844908
652,0.6492025121251883,16.249894179037007,433.7244215222871,19.096248984920884
653,1.5666250555899186,21.759165241717184,139.17042886781346,15.766088668391973
654,1.4697292672944264,38.374077130891195,336.1611280887624,11.211870583382751
655,1.89790152622667,14.395110132124639,470.47564826692775,19.56512893468897
656,1.2354561160803952,27.716912990240775,397.7480326022634,14.214135424972682
657,1.2111268537427895,27.673711502129848,409.6650607885247,14.932758723869728
658,0.9990057558925316,49.84668850466034,235.0113241809223,14.079512017245223
659,0.4729770823074473,15.174054772394268,410.6774236751261,17.077398484387597
660,1.7002149622305984,44.33350237666807,275.9264368627544,19.124965705770165
661,1.0569662870930008,17.326760613575235,441.3627800283325,13.235776263569173
662,1.1381968017672648,27.911392177530306,194.07944962592066,11.056664645666224
663,1.8904459417578183,48.06530086041948,437.81855482384475,15.708548756516057
664,0.8955450399425252,20.580495968101296,153.81487444897425,16.208799107272192
665,1.377447494031707,16.978164275191062,166.03112421112735,17.86835214937353
666,1.8368874042753818,36.089060713198634,256.60114522054425,15.165495479359965
667,0.5384813192215477,20.273878725863803,293.8650585583648,16.63198563353677
668,0.4770105505570492,19.08457204903613,458.3829737893466,12.94257380504706
669,0.8510181927046195,28.61222992544482,239.03382917214742,13.257833858038616
670,1.3703020353556368,32.51930395836173,155.98580861202495,16.06910854500895
671,0.9161473793435629,26.15417527148296,102.97868166237132,13.887460933476785
672,1.5495850966828342,13.741670652096738,427.3747009310449,11.813717448277162
673,0.9719175387534649,19.564217820736964,255.81826705099132,16.010712319241996
674,1.7966227241864927,44.438378387045944,357.6001524941364,11.856795739793778
675,0.8529292600374409,42.61695465683598,249.0653034004237,17.99249593014185
676,0.3496420061399994,37.878372920331465,243.4353853843431,18.429518915681584
677,0.7097037929423229,19.476271457568238,373.29919925945086,12.832929089901665
678,1.5309899883009104,12.001183009981773,287.1795434268562,18.711900420964824
679,1.145198327483278,16.292587092637874,250.0754068775846,16.89186895529975
680,0.44424169299766825,26.765783428915,452.26828511381416,12.2665798006596
681,1.3471402457281663,41.40754900722129,416.9215215571815,19.616396559481515
682,0.6461606479523975,25.35009858532295,448.07175086655366,15.680510250146428
683,0.47222156421996386,38.613321613458346,267.6243036310759,11.77557316265964
684,1.8460912902476565,48.39999584679972,283.5288809292362,16.290430030067974
685,0.798115382057579,43.342563119497676,417.92633403417227,17.642205706064487
686,1.32453991678299,25.42529260848207,368.3596708334277,12.105928789759048
687,1.7135690350569739,22.33135078919983,259.8862270055712,13.611509011150751
688,0.6245157260215346,33.40329546786063,438.1648407398094,16.743539148767326
689,1.111221994067272,11.101832813715157,106.07890152016094,17.78983396747444
690,0.1289382802531755,47.24687167930241,246.0026098794359,18.88168638952826
691,1.1629573326093656,29.780695945649626,486.22042794645284,12.816400965471168
692,1.1886216752503087,35.90023490015724,229.44962792220105,10.419053271689732
693,1.7165354412724068,25.07481286252567,380.9677516911679,13.809364950253814
694,1.6206173019289776,33.605467196199484,436.21023842178636,15.566819665283784
695,0.901039533849354,48.536034697291306,310.3090239879267,15.277016194691138
696,0.22571914432668946,49.1683502703565,133.45501612678217,13.009431030984366
697,1.0605668601274498,47.14377932433868,392.86134822691633,10.691837934972183
698,1.2755861125224892,42.70641490235582,361.75509568572994,13.583803679029028
699,1.4096094905482637,22.668983375053514,292.3519294094651,11.220808354576276
700,1.4346778573604413,22.477007269327366,461.5614046758993,15.37248654950711
701,0.6429024789180705,12.536285191605575,260.96602422750186,12.297772150571515
702,1.972965637976824,32.68232978677403,401.47575239005454,10.39922457416277
703,1.3894895268555036,35.48192072661732,288.164282107292,13.324740411921368
704,1.9792340229115049,30.819743349100854,286.7956276495021,15.008236113494078
705,0.938523781609195,26.168223752762326,337.70977709137514,15.189188690583974
706,1.5705660695715435,24.490322505524254,386.9142935246128,16.846706034532602
707,1.7658000115198336,45.3568368225718,129.9285800847198,16.466518143529868
708,1.5018591544421,11.165349890954316,207.54093747204234,15.234928360624265
709,1.7080570833906275,18.696216670083746,474.4029009583253,12.693829134976383
710,1.9994695423179234,37.10086301027495,126.73288137048301,11.288430904186281
711,0.36287293361674633,12.411543183712755,142.304533086204,11.470586762085032
712,0.8552479889701934,34.68465663099233,139.81756169644575,14.343723926628915
713,0.487041996526279,42.92060361191571,193.03512953557487,10.456418993329175
714,0.17693984792759615,15.518482775113055,301.7148345265646,10.091890405805431
715,0.3541493173249217,35.44270783965517,144.18531318427722,19.770441243558246
716,0.13227448313018847,46.79011302696666,415.88840835604583,15.960891669948968
717,0.42193900311822763,45.65675033882448,155.3580261537252,16.483099257272226
718,1.9203657881877672,36.93519710237453,482.98529398677215,15.610826331527058
719,1.827517319767233,10.072577640216249,224.2443413096523,10.31310372818595
720,0.734229411132174,12.617789925899771,234.33612878501233,13.433196571738812
721,0.9615965087824818,27.620652206320994,227.79185804832287,17.274080028910202
722,1.6606320103815255,34.65327628815929,124.68021053764951,19.757622805136894
723,1.559749509237479,17.484445130200996,317.87602872472513,11.685819288871276
724,0.7669746217133976,37.814981848384846,142.60576361609532,13.474836869121996
725,1.1441234318348217,12.70248461003883,326.28200159364695,19.853359296977967
726,1.3153662814118285,13.02482810932479,456.9407041749039,12.862007786640184
727,1.1991665707112327,25.005833797091398,491.16599170818256,16.90445699378211
728,1.624976450214223,19.691538133720396,147.712409763806,15.084270571860497
729,0.7926397983560464,13.658312806543393,345.572088528691,16.02277993797461
730,0.40408816720850693,17.381003903298872,159.19020191702973,15.843233125629187
731,1.2418895765804934,18.803611165761787,341.1170133158016,14.366266703934656
732,1.7581495844143147,28.05315806196355,131.86564586964732,18.758669256595702
733,0.8492300175803615,35.02191777311154,470.1943238041361,11.807080579832647
734,0.5046908567458663,46.56522795389817,226.7297357470956,17.43223494930909
735,0.5005898792838633,38.13555048682638,481.73596694278257,13.09167500739312
736,1.917481017248521,34.20591368780909,215.9344842597762,14.327301944940848
737,1.6691103456220635,25.50156925616826,414.3078544935166,19.409494268972566
738,1.6317375657885822,17.915613668719637,299.41918624046446,14.484092536362748
739,0.26766174395862524,18.496333549359257,315.08768654514563,17.297228623647754
740,1.304726806354964,24.988079084569012,327.08228828988655,16.170696275692826
741,1.1029938992059163,45.873365056816034,291.5304215604614,11.618984753051034
742,0.20703660278013847,15.808608776648011,223.20882154622316,12.464679389107879
743,0.2914550763348787,23.795760963092746,471.0728177096035,17.764219115702552
744,0.1647608352211224,33.38475448295327,416.7068810952589,19.81289454978043
745,1.7397672573501426,42.50990932972722,370.02987940501794,16.60991400043386
746,0.9375917916758545,16.212538572800142,213.34077006308053,15.152574776437824
747,0.5086781413734426,24.528943622434284,198.7113686455721,10.917640776354034
748,1.7820572096212024,18.39402995681376,370.6947007885819,19.440630735935766
749,1.9286050775884847,35.28656552964042,347.9400871881945,12.398585321881969
750,1.2367478322528798,14.153636505749141,235.3273413653617,11.15883420207684
751,0.5847090855865493,44.966557304799515,397.10993213262987,14.196417614771944
752,1.3789423885350014,42.090380519781206,496.7418923264344,11.831576343144562
753,0.9862373831566036,29.590987672059505,169.5974441525382,10.244685745313566
754,0.502457715471564,23.406710833847,379.97247299094255,16.10543713591478
755,1.1751687865304767,43.45557393202038,342.58902905732606,18.412477442111836
756,1.1059671770949029,41.6468196363093,199.12309273842345,12.524341129031813
757,1.1158784645678737,47.97632147933563,243.6279412790509,15.620635413705138
758,1.8538424677577225,11.236227659550993,279.7523968180632,19.016616200605945
759,0.7005279592739633,17.30007151806583,232.74435894297204,13.603569702706446
760,1.462819640083378,38.218488990401525,469.4183632170999,19.730190436498802
761,0.5679431409864842,31.2369195788618,290.30255984007624,10.810112837922086
762,1.9233875958719413,45.99248743986162,148.82969739412223,18.985643208224
763,1.982502865930073,17.545488775950176,329.27317356849875,17.56778556383758
764,0.19553765041055574,47.23051176762497,450.79104550168785,18.872147067732676
765,0.34602486153523304,19.482374385734822,102.17005546022163,12.098422511586566
766,0.6673056460215355,27.347506204948843,476.1892793939752,15.785101381539754
767,0.1715977423778723,21.067192395526174,250.60060054338774,10.0572998223238
768,1.1520668926437412,13.357172822808302,252.14484542584842,10.252375678818778
769,1.8830487029909535,46.670294931873606,236.59389843333827,17.463853606767017
770,0.858650800940776,45.01676478193716,397.49246700832344,17.385535928043765
771,0.5636974085408358,32.77434468562298,151.81477694294855,12.233609152704787
772,0.8480623509308283,21.54711624576319,232.17236134632137,14.683444228992055
773,1.8028986130029725,38.466950437941705,379.03348880970634,18.53720119690183
774,0.8640408783027315,38.670248102743294,459.75779315734013,13.961214218311547
775,1.317247659532523,31.320009271667768,272.13242926690236,12.956490833367482
776,1.8385008169668156,30.772754045717843,432.64178232894426,14.111272421831124
777,0.16888511634992937,25.301620615998644,438.9963246744337,13.35990973050065
778,0.9641022325496823,14.0060509927409,423.2487256953454,14.228884535251389
779,0.3221865805818559,32.03757625225758,184.66128465238677,17.04412755734815
780,1.749154176042146,17.779799345593666,135.7731156073093,10.66583967835015
781,1.4811592306651693,11.397673250322791,272.86811294230984,15.351582052677474
782,1.8022572711809128,34.171817020341166,136.7954704016616,17.516677333729113
783,1.3576886827815262,44.955695311946535,460.3494883978385,13.027457928106148
784,0.489634102119073,48.17431669000389,366.4089205604101,16.78706456655004
785,1.486797719780633,31.292395041688565,183.40067074242722,11.016954330951512
786,0.7465401224228617,11.56425667402695,375.02882147182123,19.535175748631055
787,1.3972174136706468,42.830055779949845,448.53302030005415,11.147507704697981
788,0.9468188716820659,37.31042332081833,186.85753281753517,14.972369805824009
789,1.3916032786144878,40.47065074343226,477.2216666888193,14.984446769774495
790,0.4877779834061168,12.314435141921031,253.78506683382676,18.379801005068057
791,1.7363268147281559,41.95336083815593,135.0974886646094,11.183756779920602
792,0.1852456832138589,17.56065676635988,313.88046337507643,18.901558144351927
793,0.4094559146589385,29.65531615450935,266.9791927821444,15.247104937779781
794,1.3841293992958532,49.23787631745483,454.1461672496696,19.707475706871186
795,0.9786643763664912,12.56738416371609,161.23566351651425,12.445559165512446
796,0.5625580092713538,43.839400359816466,272.6059748044171,19.1604071161282
797,1.3217387764571193,42.18883642147263,177.72001209954487,11.107841491693371
798,1.5398717418781325,22.98617143573145,137.48295299336257,10.67697827912423
799,0.43685790269137936,35.75144243292421,381.43341026680355,13.786860284207147
800,0.4239074441171259,34.00813468587948,242.04910343856682,13.642071650393484
801,0.37193024772038397,37.46297126496066,327.2102438033419,11.313291965365117
802,0.1583515986838326,25.1499211448018,464.74337119822235,15.105157751735032
803,0.4067459985846644,10.30033809364491,388.56079470641725,17.741208275229486
804,1.8485424020327983,12.440643567230365,478.45680744192515,11.952698805316478
805,1.9972739680846598,29.940265557566025,100.95385015228328,13.192223913083444
806,0.7969875941754953,46.72396758154711,274.00822199898107,17.102506707322767
807,0.11671139303960938,18.17101719020456,193.93925392878538,11.725308604601874
808,0.9276998799602105,36.323091000176156,489.1261550428681,13.30774870422037
809,0.1618854376723458,38.35401288718606,412.62247799667324,13.561828808472946
810,0.9754651969682527,14.918462677470945,436.45735797133926,19.30301912211026
811,0.7527726551725245,24.462040399180502,377.9937905721987,19.42948658415081
812,0.38748638879185426,22.061842751153435,241.84918018239335,19.25014890536
813,1.9082619586475407,15.392179430225683,304.5349905473503,11.064798160393998
814,0.9897525759446567,19.93327650433865,420.57844665735,14.303609310345202
815,1.6544231509950234,35.635272656730805,377.3563934991183,15.910218344297965
816,0.19836689937704355,31.882099463726924,209.92168193998498,13.299635842544758
817,1.2982923592886455,36.54292134683981,425.462461598934,16.83266605976469
818,0.4977340933520381,46.100214721737686,376.74187033030427,19.131221296887244
819,1.353277589482694,14.937605873607426,467.1247540432419,13.202285389412122
820,0.31046831113094586,17.12321975115748,111.20177734273666,11.844244951883955
821,0.8039065605118169,49.99689491286823,473.656123869851,18.046887233450565
822,0.39688536172535716,16.666475869132785,163.46536025218188,19.20198063474726
823,0.5897128414042454,29.273387845610145,199.5832521827598,13.055466851844676
824,1.6139067926825723,39.81160815939259,196.26786989589715,18.9779776922402
825,1.8099874081821818,47.86960421139283,303.5958236721949,11.419157415599809
826,1.7272784522165547,39.43211300773562,400.4916790157224,16.22283045390057
827,1.4546699010356652,23.51589921664832,368.5127166117681,18.58315998769975
828,1.8063269172295597,32.915291086720146,189.5058415282827,15.452431013148994
829,1.3310906152940534,29.503826906868827,154.00676505593657,18.473665764040224
830,0.5838720744617607,13.126907388203318,472.6735493849433,15.47143059557109
831,1.1887740661056867,21.922509245991506,147.21687417607376,16.667492899704083
832,0.2385380294329436,19.39195292155637,249.3685486623992,16.735558672996362
833,1.291011597456782,35.267275004847804,468.38753595760073,14.05493654508211
834,0.24746502646508844,17.469846113078937,132.92014124174875,15.124050576357893
835,1.6871013325393702,20.54452575462324,313.45141792246443,16.52436608251198
836,1.1854276478573254,25.722676782892595,384.8094960525034,19.435823891135314
837,1.1953310789398748,26.20372318415332,440.18889128667945,10.861183066720736
838,0.8160625622172096,40.13700489696048,320.1897432877554,12.356835781754773
839,1.22204663512477,23.535022114587733,244.039418511908,17.110173077506623
840,0.8658652119287947,30.91939261034687,161.88180027516964,19.742140154578024
841,1.894567260998321,30.311093562616826,174.1059030732567,18.00233568348171
842,0.29630756503424605,38.56968832512048,116.14819373273653,17.5758475494222
843,1.294999395709078,19.423813467057272,126.91003963941364,14.657293751381523
844,0.9200161383382363,14.322254872622082,218.9427301321821,10.560170487763385
845,1.0869602918460652,26.825069780286558,395.04090367063674,19.646950196845445
846,0.23622135863831553,37.07923062979178,371.9354350996491,18.485072252094028
847,1.3192562979054498,28.700246948475453,324.04504622175284,14.470212506617843
848,1.6812057130969578,38.73099897123029,261.2370807204914,16.955207715767965
849,0.9305173587722431,48.159384238882126,182.3237852014925,14.402745453132285
850,0.8138507844692336,45.13694232316517,176.73991863253363,17.55412088373378
851,1.5050455812898085,28.98251740751814,271.7945282474524,17.06463255922824
852,0.5149236225894598,49.47138780321946,228.84219637413702,18.395819029671898
853,0.18257982809906853,34.054863443819485,183.8904534573734,19.88707781778222
854,1.3449957499328287,11.932210303361412,184.3134223011793,15.513303799017425
855,0.8457267099969678,49.90324511633762,173.15406882692446,10.892037216438498
856,1.4224138803912343,43.19057601724791,271.2573013002185,11.794612086289858
857,1.9390340145300056,30.85420610333553,359.4113439616641,15.710322398095105
858,0.18137585228361225,29.119139571901396,265.3708885898702,12.065343837635485
859,1.2717830546931712,39.347553304263556,248.67072269025135,19.639133827430268
860,0.29356314781162185,47.444675012387776,354.9735501182561,18.689770032491957
861,0.7597256424817759,22.51611637593745,255.26538017516376,17.08132426062337
862,0.1352749468498437,14.493675709929413,141.62566114575105,17.72263653463401
863,1.4665598850917743,31.606250196384906,302.98709929821575,17.547239477870367
864,1.3807496260912904,41.3570037748277,396.3938830681038,15.050930053218732
865,0.5204479046714391,10.737115872300926,374.5064773640837,10.049225424306105
866,1.3734816877885452,39.28518640095737,382.6344114237299,12.772833375650539
867,1.0794817702848911,34.54421094059515,107.4466538252997,13.890215660792713
868,1.6062974277475937,14.237716273004636,185.27127787404137,13.813348908853493
869,1.3579499450192374,15.678994324585489,480.85829574417824,19.897578079093847
870,1.0469390216830572,44.23115596707546,152.530492200609,16.391341758412974
871,1.2056713624090707,46.01027036564476,383.85475930373275,18.06362201016917
872,1.2646897907846453,49.508698694471256,389.8459187239506,14.1092052779365
873,1.5506529225819454,30.105306562568227,367.1618192218133,12.606929539768835
874,1.0750665601925204,36.30335263938624,494.3335347547477,17.66383260541461
875,1.168913044812348,11.451035638853812,339.5712732038423,18.466519357400628
876,1.7208395566110588,40.38551134966485,468.78357990502747,16.15420409725415
877,0.13872166394268776,33.05091096419518,218.2218082832082,18.960648429487886
878,0.9090271406845907,49.625447117757865,266.7455912682803,10.321342704358159
879,1.7350732565274223,31.38786072033384,319.33205791986273,10.830406955614388
880,0.6167145590242654,47.43570643392368,279.58932288600533,15.491650262176359
881,0.5487593732550297,43.05233570606956,415.59980539783146,17.25595969057261
882,1.814902555185284,18.347631389257383,451.9761208243489,16.146319821825784
883,0.9132305992806757,32.324345241562085,175.123889236985,15.534560808852891
884,0.7615278600498627,11.409552810426561,122.9732390664883,18.61593012277664
885,1.6538634625896775,22.805321556953587,224.68429911636136,18.346579385601466
886,0.8935376462344111,22.235584251139613,178.91382308583448,15.144968377936951
887,1.9343590067005172,15.070488948717259,348.82518466524004,14.355032530366135
888,0.9891681116189474,45.267346300167674,302.59239451985525,12.327210213184634
889,1.3492647405537743,35.3569183994002,385.70386617902216,12.256802694187105
890,1.2695694957128045,16.43307830911529,422.00074049674885,18.912749460945214
891,1.965352866104747,25.778331070073207,443.0228354343324,10.49292096533257
892,1.367857671801589,25.83511996834708,311.16566827363135,12.21957845170903
893,0.4339641299197172,12.813650452300223,409.34381249875344,19.864478353460992
894,1.0236172217348027,28.11056853152153,264.0946936088774,18.209549452222426
895,1.8534951328464078,17.177760602428354,499.2298299848729,15.655520013211515
896,1.7589131463649057,48.43759686443077,176.16694483986262,17.378040506765814
897,1.9060383132121013,22.14763117547467,477.0260018925678,12.203270536057012
898,1.558002198169412,37.500902783431975,311.9035160624917,11.044012084938434
899,1.9876718543588678,26.326957277841366,152.19625047687325,19.232920806623287
900,0.6533975782938556,11.4817984241742,380.3227168463212,14.559914803816495
901,0.33563791169929796,44.58016708813218,219.22176735257483,12.313146881301817
902,0.29767255505440804,44.65689303302059,150.09594210516408,14.698259959394024
903,0.9915563037327112,43.501757225418274,483.55441412245466,12.767395577034623
904,1.6357119181980802,38.89742464438528,196.58819764537014,14.615698847872745
905,1.615492394744089,13.789670773432075,494.87441694291977,17.888945386809652
906,0.41778106637885204,47.019740083023464,215.2293243801233,19.321793782372367
907,1.3257213334635334,12.516441251455571,390.47236137726367,14.567097989703317
908,1.9431531414525862,46.93193290178837,270.7400511919252,19.7876626657973
909,0.45274687149444237,27.17874953465802,106.81055399986869,11.547244415984546
910,0.9399196437051996,30.723986642719233,295.6858865899466,16.198168240099733
911,1.7380153381523977,20.387425867487455,266.16326692907154,12.573187105185358
912,0.5059224573939973,25.604012892523777,270.3791851688819,17.02910872969459
913,0.36958972318964256,15.577815059257476,231.18257229409213,10.086287449747317
914,0.25168155718600005,45.72013310920602,376.1610589236006,17.60271653207845
915,0.4103167901425131,31.994909283839178,108.62311774799173,12.926109936553987
916,0.8844410145723716,21.914242751350525,389.5546339285459,10.358682576204211
917,1.05944330978523,32.191135554839335,309.5745034269453,11.350545968937256
918,0.4638823922865295,18.423798468919163,303.83775858771253,17.50898271714189
919,0.49195251516633676,28.731097678470267,258.94494250094135,12.632308400661358
920,0.40371515337338015,43.752995773553124,407.35412229861345,18.938350847725854
921,1.6284803768887541,16.38500046383127,300.48952720076954,18.564930265675056
922,1.610941489833956,26.88090011650724,115.62151075315477,14.899455681180143
923,1.6229423406319208,49.1255206580573,157.14671023901963,13.524266705674652
924,0.5523825822166392,17.21946157216803,341.24048629120466,14.462162294293545
925,0.6942325924362301,33.10928329107544,229.79804055018252,15.750253764160645
926,0.8685440376255269,29.176121038358215,173.88666368207453,18.650514614451303
927,0.776767957427774,14.109723609948045,164.03033322745935,14.8494147647875
928,1.0389680432688457,23.9856452844473,471.85165878621495,12.499787770512825
929,1.5337498628137616,14.563408711453924,121.64758499617248,11.872318692124326
930,1.0035616540228196,34.25092484308172,171.15440272498097,13.178550363368569
931,0.7545844435175811,26.299402038041663,157.80880583546656,18.703695073441718
932,1.6575909837242149,15.624783677629607,383.5286490880453,17.487384745347843
933,0.8018329630415104,15.692096499736905,486.6668008772543,14.377779377928693
934,1.7615318036986882,41.14086975702138,160.68887645208193,17.625462135670244
935,0.5239947709945333,27.377901324271292,386.1663743712828,19.17715999987888
936,1.720103541948492,26.93608481632773,137.64207967884627,13.4940441626678
937,1.9478892250908544,11.97442172165854,145.03796422619686,13.692506117027216
938,0.5809967769489605,34.77112078299753,361.2152938938911,12.660510988282176
939,1.5095538311300296,23.757293909139555,197.15024439207502,12.982621898771177
940,0.30216757679181805,21.08165806234309,202.83587400798194,17.314010706421698
941,1.5027090239205683,21.562331706424146,108.83863413664233,19.629314284742655
942,1.585911708727435,22.713238953053754,282.69043122316623,18.52844958772117
943,1.3932697320300669,29.348055237831506,307.12530685814033,11.256984553162015
944,0.1599990632807561,35.796609570774095,130.8065389784964,10.27252662318045
945,0.39139043910352234,13.819712989590402,185.16789914654663,17.12979662336781
946,1.5302491909715574,14.758994445136416,100.75495601493127,17.59146996301903
947,1.6007806862972729,31.954874272150953,484.07258781256866,12.754071018022758
948,0.342334580662354,33.69653198633185,451.48297460927114,11.378895989488411
949,0.39613397169765197,24.134464450624165,295.0574922829725,11.94306292057567
950,1.6746269237340567,47.357797400392116,331.24532083843144,18.64163641797547
951,1.7318783074072297,19.55869693834351,312.84538694163945,11.638022839282925
952,0.22400270767599034,40.504799961325446,104.45180020630579,11.200025102065469
953,1.8562251088971724,31.56500421179554,269.14667592967555,13.946252359476496
954,0.3224954155482648,20.716738106268494,456.44373319292214,16.478490134064117
955,1.0192899905309054,30.39148929776217,350.17866423350847,16.283295817700335
956,0.8881315151258354,43.1295036960354,446.73203258882154,18.13824345776635
957,0.7406369084815521,11.120192441796865,173.5975775919598,19.511215586378007
958,0.9065630115361515,18.042529512476037,350.4219910847687,19.72697400969886
959,0.1880914679508453,32.42923166444754,158.45033719460318,15.487708736500956
960,0.6578915350263806,15.846343743275625,240.60737654651658,13.829444006166453
961,1.930488842372039,12.724278743087531,317.0788117457643,19.21865997055476
962,0.7264616970334972,49.55540053309296,358.2761046440736,13.593824047965583
963,1.7416950082262947,17.6703457876104,153.19244836789588,11.275378433013119
964,0.9984979140522023,25.54062447073911,364.6578072632511,13.452405483815019
965,0.38330539652130413,20.63378303115293,164.58418680808967,11.000112001729985
966,1.2382209365173258,43.02043643271639,439.4848429863841,12.687846771186425
967,1.363024300433968,19.990409916508703,434.00946378931906,18.446967966997633
968,0.8849043558627642,28.866450092927444,199.7583121879955,14.263704473258526
969,1.1347025959326147,23.590110574708895,491.6182879600967,18.742263862921753
970,0.9536735743884698,34.3749051564582,442.6492297708149,15.133618176258073
971,1.7101163104768697,18.642606558773895,291.6838256392319,12.53873155494167
972,1.3613060149363059,27.268881048442918,452.80837448773553,11.322598488663395
973,0.2730144473660216,34.35612505014477,291.0590490532925,16.925460359971943
974,1.6664624276594042,29.22868087362503,369.6138587273641,11.66282978457282
975,0.46164363973014566,47.89653869405974,498.7941557675016,12.140673535920834
976,0.6750521568221742,12.077807430916533,110.87889292711078,17.794515017937897
977,1.0658063816856023,36.45805944467294,252.77711939821623,15.643621829882886
978,1.6858305572442722,28.464824207069793,467.9803887873702,16.536831862767755
979,1.0285200447751155,32.671040102532466,458.8431756215039,16.594155796277963
980,0.6834175895649547,23.713510197010688,103.40025379436716,11.387527288902048
981,0.35878322936777696,42.29434232039563,216.42905846598208,18.503043068720004
982,1.6170966364937136,36.486780007311594,428.6092112607755,15.1172899359113
983,0.5926013009196757,31.711164945877137,177.00423572732365,16.168485451160535
984,1.9450120339724777,45.71636589354921,189.10171368075817,16.389519688236607
985,1.818494987565935,45.395105778966695,369.30383721365257,19.945168877636206
986,0.8251078753124556,14.676681143986707,261.9704315027187,16.304220904173217
987,0.7721185034435443,45.083111768532596,180.87409817432254,19.924667443480203
988,0.9437417585835924,10.543639049343195,351.04452551277427,12.892294458108914
989,1.4419993533297077,22.91339897922181,256.16702678960917,11.654736483633162
990,1.2066750905891357,23.308854706239934,222.45202807898232,15.774796472240135
991,0.5133407765798226,14.075742620972534,384.26852313741614,14.13243516913495
992,0.4813589472614108,33.14775207351493,358.71532773779353,10.805029579856464
993,0.1482283144160614,22.184322118749662,231.82927430602825,19.38818341171548
994,1.1242244552800975,32.58784118124302,452.4663598540187,12.12726605562818
995,0.16317630004175832,25.233571732993042,257.63913187248204,14.424751613411145
996,1.104918423837081,24.23863988163277,124.35915463743775,13.270817675017376
997,0.21201954233633452,22.038359895396297,433.0772896887699,15.555917530274813
998,0.8716604775121743,39.00548965157698,164.81735176682014,16.373689545426398
999,1.82124986762009,34.868866022281466,445.74347707837035,12.658626524286339
1000,0.10754174769027905,30.24295505087288,242.81854815204164,13.07624820214497
